,cv,std,mean,stability_score
428,-0.9333125019662661,0.7090058498538795,-0.7596660800751879,14.995314406519647
427,-0.9323339151994122,0.7079642359668812,-0.7593462218045112,14.778452203153234
422,-0.8976526176747125,0.72323307133517,-0.8056937139097745,9.77064559229987
417,-0.871564174584354,0.6678095709177619,-0.7662196203007519,7.785989592575003
192,-0.8250618940865684,1.0501833693565021,-1.2728540451127819,5.71630746073615
369,-0.8230784318053049,0.11960349210274179,-0.14531238759398496,5.652222112905648
73,-0.819552266966366,0.10588634141481836,-0.1292002300314104,5.541770922739206
419,-0.8018104007156514,0.7332248050548568,-0.9144615789473685,5.045673454161788
420,-0.7967593574482662,0.7032311686953553,-0.8826142575187971,4.9202757255869995
392,-0.7566421903440002,0.024629981238756014,-0.03255168896616541,4.10917570886078
421,-0.7505989862193496,0.707758491572582,-0.9429249233834587,4.009606796865332
418,-0.7401435989159861,0.7622567843547097,-1.0298768853383458,3.8482792643491246
515,-0.7243453696849663,0.12877086857389355,-0.1777755114661654,3.627727924820793
357,-0.6585402794248747,0.13859002838243245,-0.2104503440601504,2.928603111124458
394,-0.6419373447045993,0.02088744576938052,-0.032538137781954884,2.792807306796635
429,-0.6091906650349509,0.736468119498229,-1.2089287669172932,2.558792512183549
233,-0.6066673769583837,2.6244900552331156,-4.326077443609022,2.5423774724482886
389,-0.5661335652275148,0.04141900428810998,-0.07316118815789474,2.3048567942905955
72,-0.5496568765471478,0.10482214373929265,-0.19070468907396876,2.2205290764358545
368,-0.5314044256081413,0.11065232500667034,-0.2082262015037594,2.1340363730446996
430,-0.4995619800817667,0.6459820949407135,-1.2930969943609023,1.998249453875208
193,-0.48106403851418644,1.0251189277634767,-2.1309406766917296,1.9270200452803607
431,-0.4680954704657512,0.21825002343430475,-0.46625109022556394,1.8800366315278971
387,-0.44621705516741966,0.058702929317690035,-0.13155689285714287,1.8057616424108545
514,-0.44270905616012846,0.11136285518428796,-0.2515486268796992,1.7943948507574057
61,-0.4410906722511585,0.16172159213348386,-0.36664024498209985,1.7891989815732197
398,-0.38725670354291514,0.01401735322593199,-0.036196541203007505,1.6320047983911932
71,-0.36981542661408123,0.09130186472698737,-0.24688495437553745,1.586836685999944
391,-0.36925609671913323,0.03451844236511903,-0.0934810357142857,1.5854295139412635
395,-0.358487060421422,0.028334526153434566,-0.07903918796992482,1.558815011053275
396,-0.3574399287168776,0.01855922912104686,-0.05192265225563909,1.5562747277513043
393,-0.34845986805348533,0.03150379293089121,-0.09040866917293233,1.5348248725868059
160,-0.33914870152301957,0.3360432163127926,-0.990843293233083,1.5131997202769107
367,-0.33658540193255454,0.09061696568250643,-0.26922428947368426,1.5073530231517995
400,-0.3266643290625381,0.013579815016067738,-0.04157115977443609,1.4851433588951775
443,-0.31503966508065945,0.07425731548846833,-0.23570782894736847,1.4599385526721893
399,-0.26292180558516076,0.013732252205183742,-0.05222941541353383,1.3567081587509076
70,-0.25698318594436836,0.08068807370241292,-0.3139819183340666,1.3458645633356114
397,-0.24755065737499468,0.014863013128195499,-0.06004028947368421,1.328993120668278
402,-0.241467070166889,0.009780205194706279,-0.04050326691729323,1.3183343275815536
506,-0.23608600988260364,0.21655004788456153,-0.9172506578947368,1.30904789405195
442,-0.22989579975780658,0.06674103234229035,-0.2903099248120301,1.2985255757409266
507,-0.2214285762613364,0.17290629552992345,-0.7808671240601504,1.2844036776973482
358,-0.2210547687716634,0.24261716560600163,-1.0975432330827068,1.2837873061024805
366,-0.21511941342542568,0.07262120848916222,-0.3375855639097744,1.2740791619834344
405,-0.2125746957422245,0.008404401919197068,-0.03953622932330826,1.2699617279160171
513,-0.2104727211403738,0.07167427363828065,-0.34053949248120297,1.2665806828668105
359,-0.20852445933508598,0.19227806001253162,-0.9220887593984962,1.263462922884396
404,-0.2012382104913912,0.007649755096891233,-0.03801343233082707,1.2519377029980254
401,-0.20058763247878125,0.010461504318006073,-0.05215428383458647,1.250918850681225
194,-0.19932549738420965,0.5698118892935172,-2.85870045112782,1.2489469774958695
63,-0.1981114400243042,0.18407123115490148,-0.9291297419892548,1.2470560747621948
508,-0.19712627077353206,0.15073884651401612,-0.7646816729323308,1.2455258698817486
62,-0.19676353926764573,0.22847313050189497,-1.1611558287285968,1.2449634060289614
432,-0.19381751400789257,0.25660810769317627,-1.3239675939849624,1.2404139476800666
433,-0.19097300429379246,0.2060163247624177,-1.0787719736842105,1.2360526970142576
162,-0.1885947008664123,0.1926714092965093,-1.0216162406015037,1.2324297130765502
161,-0.18341318908420678,0.29817675215934325,-1.6257105263157896,1.2246095413646356
360,-0.18293168956391664,0.16116671783919337,-0.8810213157894736,1.2238878772158999
166,-0.18003525695353026,0.1486547867908783,-0.8256981954887218,1.2195646318701867
403,-0.17926826534064996,0.008396645526134054,-0.046838437969924804,1.218424922261665
172,-0.1774017117817616,0.09567050230017624,-0.5392873684210525,1.2156602005166053
64,-0.17055182978825234,0.15127581790494013,-0.8869785688770139,1.205620840353066
163,-0.17038692652204748,0.2339955305213632,-1.3733185714285714,1.2053811975355468
171,-0.16965272290747074,0.11239884497025446,-0.662523082706767,1.2043153841625298
509,-0.16874408341026256,0.11403197673010823,-0.6757687406015037,1.2029989562089884
174,-0.16836084393607023,0.08616296584570787,-0.5117755639097744,1.2024445851406351
178,-0.16636719775923822,0.06768112812805745,-0.4068177443609023,1.1995689196874832
167,-0.1646108409118,0.12644243859229623,-0.7681294736842105,1.1970468961932272
170,-0.16428814269038908,0.09901141143029747,-0.6026692481203008,1.1965846735970438
434,-0.16352462568475926,0.16437379492659285,-1.0051929135338344,1.1954924564499279
176,-0.16221439898855944,0.07057841170164318,-0.43509338345864657,1.1936228061125917
175,-0.15770832523894318,0.07840995874189446,-0.4971833834586467,1.1872371886896331
168,-0.15566831223004224,0.10236969425112327,-0.6576142105263159,1.1843686722704818
441,-0.15479109429263105,0.0531331633146543,-0.34325723684210524,1.1831394501967343
180,-0.15372718529252435,0.057982796631764366,-0.37717984962406015,1.1816520424866324
361,-0.15239258635153363,0.11833468232528237,-0.7765120676691729,1.1797914740924345
183,-0.14931928973820205,0.0502193329730945,-0.3363218045112782,1.175529182614531
181,-0.14691163034643792,0.05657232191227828,-0.38507721804511275,1.1722115030194333
182,-0.1465836490179595,0.05170717278587233,-0.3527485714285714,1.1717610036991712
177,-0.14363643895968858,0.06472963162039663,-0.4506490977443609,1.1677283405020162
221,-0.14102410915008154,0.07597150076626656,-0.5387128571428571,1.1641770283104738
173,-0.13752308436151645,0.0812034210642491,-0.5904712030075188,1.1594513219634517
69,-0.13726594277239143,0.054246669252438304,-0.39519394364549576,1.1591057425198847
169,-0.1367149503014878,0.09400323647726484,-0.6875856390977443,1.1583659422217878
164,-0.13584005369228636,0.14475220299536326,-1.0656076691729324,1.15719318428572
65,-0.13565262155218696,0.10438010790931777,-0.7694662050387405,1.1569422490709587
510,-0.13504300357334256,0.08059706853008575,-0.5968252067669174,1.1561268411391978
435,-0.12685973178666735,0.11157551868779848,-0.8795187969924811,1.1452913539839993
179,-0.12498711682071206,0.05161578867053575,-0.4129688721804511,1.1428403160952116
165,-0.12471300580790758,0.12577919886147015,-1.0085491729323308,1.1424824162079779
211,-0.12192682170200493,0.2480589269868026,-2.0344902255639097,1.138857244151724
220,-0.11977646943423194,0.07346903116654407,-0.6133845112781955,1.136075059658136
152,-0.11490791063123301,4.6535042780350535,-40.49768421052631,1.1298259379012001
362,-0.11102104155749652,0.0755038368695441,-0.6800858270676692,1.1248860172708768
440,-0.10895866477854077,0.044033637236948704,-0.40413157894736845,1.1222823908067747
365,-0.10502832608265825,0.0438036861988636,-0.41706545112781956,1.1173537991687974
210,-0.10428766883846281,0.29428992157772577,-2.8219052631578947,1.1164298683967264
219,-0.10426575192889517,0.0686666490266724,-0.6585733834586466,1.1164025514860278
217,-0.10317657962914625,0.08064958705573592,-0.7816656390977444,1.1150467051657513
66,-0.10084728562680788,0.06729052064579032,-0.6672516788880505,1.112158128441073
512,-0.09424841575294592,0.039802161838179376,-0.4223112030075188,1.1040554798822617
216,-0.0939975221188919,0.07997876700749469,-0.8508603759398496,1.1037497406615557
215,-0.08834707508482241,0.08561106580900384,-0.969031127819549,1.0969086728845219
218,-0.08573664929212325,0.05976610283776473,-0.6970893233082707,1.0937767539579715
455,-0.08226452617105477,0.7899994659052022,-9.603160714285714,1.0896386034069636
436,-0.0813218476691007,0.06179142917203043,-0.7598379887218044,1.088520498133942
212,-0.07450213153339136,0.1250137924800672,-1.6779894736842105,1.0804995171483525
451,-0.07262247101590588,0.022183672251899194,-0.30546567669172936,1.0783095004420271
377,-0.0725213613179175,0.028222756492718593,-0.38916473684210523,1.078191947817761
511,-0.06959059868058189,0.03605233970128112,-0.5180633646616541,1.0747956744438472
7,-0.06728827775224194,0.02295199312891056,-0.3410994291371328,1.0721426311551898
68,-0.06714505429566237,0.031835454642154835,-0.4741295539351651,1.0719780225262843
307,-0.06500641988519777,0.7050119749926084,-10.845266917293234,1.0695260601438739
303,-0.060418391619782776,0.020629550912512413,-0.3414448872180451,1.0643035060296044
439,-0.059204371450818215,0.028216630939520582,-0.4765970864661654,1.062930108999463
363,-0.05844679402953062,0.03450966783746781,-0.5904458646616542,1.0620748712435095
11,-0.05804663297776907,0.6086709776552554,-10.485896363504263,1.0616236801204608
214,-0.05127238384016747,0.05602753121002986,-1.0927428571428572,1.05404331334604
67,-0.049015566584939156,0.028182258113370738,-0.5749654666244377,1.051541923151066
213,-0.04748422039975172,0.06384174887419641,-1.3444834586466166,1.0498513740314936
364,-0.047327724590354836,0.023502599300967965,-0.49659263157894734,1.0496789145774228
381,-0.0465997088176919,0.5363297921931798,-11.50929492481203,1.0488773805175828
159,-0.043909170673581896,0.5509943932695126,-12.548503759398496,1.0459257314543187
437,-0.04004008345385809,0.026214287042596596,-0.6547011090225563,1.0417101618137548
155,-0.039016116439571744,0.022290306999217697,-0.5713102439024391,1.0406001777001896
195,-0.03746561692680317,0.11712574404712857,-3.1262195488721813,1.0389239258208962
209,-0.031110103246590436,0.24442695856740018,-7.856835338345865,1.0321090181153043
438,-0.030898180565246347,0.0171714576676676,-0.5557433270676692,1.0318833170525552
197,-0.00010351719650290869,0.00032519818315918764,-3.141489473684211,1.0001035279134223
196,-7.335921974012493e-05,0.00023045572736397142,-3.1414691729323314,1.0000733646017101
198,-5.224321450734672e-05,0.00016412347247687657,-3.1415270676691733,1.0000522459440033
207,-3.5807792235467e-05,0.00011249085238652101,-3.141518796992482,1.0000358090744794
206,-3.530017052278635e-05,0.00011089652081511558,-3.141529323308271,1.0000353014166687
204,-3.488892112850803e-05,0.00010960435892562528,-3.1415233082706773,1.0000348901384077
201,-3.4884145568621156e-05,0.0001095888842766748,-3.141509774436091,1.0000348853625147
203,-3.429268640560305e-05,0.00010773153148616636,-3.1415308270676694,1.0000342938624343
205,-3.117431881474107e-05,9.79350366906698e-05,-3.141529323308271,1.0000311752906832
202,-3.102710017321165e-05,9.747214842437284e-05,-3.141516541353384,1.0000310280628841
208,-3.0273871287192e-05,9.51060950426093e-05,-3.141524060150376,1.0000302747878222
200,-2.999434000595517e-05,9.422825652693395e-05,-3.141534586466166,1.0000299952396934
199,-2.5659079397914685e-05,8.060907831083943e-05,-3.1415421052631585,1.0000256597378032
223,0.0,0.0,1.0,1.0
537,0.0,0.0,4945.0,1.0
230,6.841065057196223e-06,1.7079423596427842e-05,2.496603007518797,0.9999931589817428
278,2.5493481611174984e-05,8.008842419456996e-05,3.1415255639097746,0.99997450716829
282,2.648517272962913e-05,8.320424546797009e-05,3.14154060150376,0.9999735155287162
273,2.6511106814648473e-05,8.328573838218421e-05,3.141541353383459,0.9999734895960054
281,2.6631904529754157e-05,8.366498911172252e-05,3.1415323308270677,0.9999733688047098
272,2.8626374698086428e-05,8.993059553404848e-05,3.1415293233082715,0.9999713744447478
274,2.8696276327409858e-05,9.015034458534836e-05,3.141534586466166,0.9999713045471252
276,3.0112676720162463e-05,9.459949466192765e-05,3.141517293233083,0.9999698882300259
275,3.026816542702656e-05,9.508826097769221e-05,3.1415270676691733,0.9999697327507071
279,3.192412499143794e-05,0.00010029071880016967,3.1415338345864665,0.9999680768941257
277,3.315645465991507e-05,0.00010416180006340825,3.141524060150376,0.9999668446446542
280,3.911528257114607e-05,0.00012288116016703264,3.141512781954888,0.9999608862473743
270,5.688340063593733e-05,0.00017869762062725316,3.1414721804511285,0.9999431198349011
271,6.423075871337507e-05,0.0002017813148484962,3.141506015037595,0.9999357733666121
552,0.006070037193739699,28.08625720377196,4627.032142857143,0.9939665858545286
522,0.008582506187450397,37.21784873239434,4336.477937739843,0.991490526422183
542,0.00912087613723476,40.08976524647033,4395.3853383458645,0.9909615623331982
547,0.010749464427013126,44.39733896822463,4130.190789473684,0.9893648576572761
521,0.011404030591673005,39.214587667794724,3438.6603361471543,0.9887245549288531
536,0.011561459722392258,54.60520021737472,4723.036842105263,0.9885706799015799
551,0.01274073315501827,48.00065947428896,3767.495864661654,0.9874195509888037
541,0.01424875799070342,49.60583497919641,3481.4146616541357,0.9859514168704223
520,0.015327476394152582,38.64648003614906,2521.3857155828114,0.9849039085905693
546,0.016555109502184844,52.37906259444642,3163.921240601504,0.9837144987542368
379,0.017145797053949568,0.008528994650965868,0.49743937969924806,0.9831432257758815
535,0.018839912850624637,79.05884704269667,4196.348872180451,0.9815084660376994
231,0.019781617032813163,0.01899276332903524,0.9601218796992482,0.980602104703191
550,0.020309222784495512,57.4894963596562,2830.7088345864663,0.9800950316521984
519,0.021477455078548324,34.143495573084266,1589.736560882708,0.9789741271608419
540,0.02253858036769282,57.26137323860165,2540.593609022557,0.9779582102813293
545,0.024318255179340196,54.48118357820612,2240.340977443609,0.9762590825103644
549,0.02482950290615176,46.3925680250044,1868.4453007518798,0.9757720646841823
305,0.029279753593751907,0.016228895628864568,0.5542702255639098,0.9715531627902706
539,0.029795002128757193,47.34988134916233,1589.188721804511,0.9710670550282668
534,0.02980452674627685,104.2287382018466,3497.077443609023,0.9710580736710822
269,0.036720624105281686,0.11467837103333568,3.122996240601504,0.964580019677941
452,0.04242479369494761,0.07514477228964088,1.7712466165413532,0.9593018182687598
544,0.04274279701297413,55.66178330706453,1302.2494360902256,0.9590092617897582
9,0.0432793886234392,0.025280400709199943,0.5841210218831191,0.9585160129727622
8,0.04908088188990619,0.06892993244222077,1.4044151161920477,0.9532153499914252
450,0.05677716107400794,0.007270807473106699,0.1280586654135338,0.946273289047707
75,0.05810444340469301,0.02748121558572218,0.4729623756021138,0.9450862873066398
82,0.06152642132750734,0.0329463507575333,0.5354829688884178,0.9420396703356997
234,0.06291801656398611,0.26148387075181156,4.155945864661654,0.940806331642231
533,0.06418108218177832,166.15502570871206,2588.847368421052,0.9396896982511711
304,0.06460751079306573,0.08894843906142902,1.376750751879699,0.9393133054782441
6,0.06948408621866564,0.007184940179326207,0.10340411121929821,0.9350302757057958
524,0.07009161577139053,30.450329774955982,434.43612249248457,0.9344994253404518
518,0.07301108245758005,44.872085167871575,614.5927941000268,0.9319568235116841
453,0.08202503882359374,0.05350873342088396,0.6523463345864662,0.9241930307705508
80,0.08207494867616477,0.0028826480134942285,0.03512214213947322,0.9241504030967752
302,0.08584581624392686,0.0088510605926164,0.10310415789473684,0.920941062755228
548,0.08790909352792452,67.31839111001113,765.7727819548873,0.919194449195338
538,0.08812749985602247,50.97208452010826,578.3902255639098,0.9190099507018404
236,0.09064433361008381,0.16551532640659575,1.8259864661654135,0.9168891903467313
132,0.09076542432065494,0.1683916936715894,1.8552405272375234,0.9167874024085563
106,0.09084953857838089,0.0065630016327258055,0.07224034084734006,0.916716709898619
109,0.09125090330909982,0.005742481089769702,0.06293067664566389,0.9163795392678336
107,0.0928565247304243,0.006410823225753924,0.06904009432148635,0.9150331972869639
131,0.09291111845252996,0.17267705182161516,1.8585187079610834,0.914987489024648
108,0.09322556731544464,0.0061402480484332314,0.06586442137334121,0.914724307496419
134,0.09368516123895607,0.18112236938089937,1.9333090426019917,0.9143399174102107
525,0.09418785560436058,44.61440325167088,473.67468943209894,0.9139198492087659
130,0.09438914785182145,0.17373632822089283,1.8406388040883261,0.9137517508857812
125,0.0958006322480819,0.1835587540081736,1.9160495051101165,0.9125747609293281
12,0.09660421451961003,0.18931885008370572,1.959736964118426,0.9119060338812126
129,0.09717512627013881,0.178603516075831,1.8379550707176648,0.9114315263412078
126,0.09722149745130214,0.18292116607163347,1.8814888771205973,0.9113930070845908
133,0.09756828623661869,0.18685779271993966,1.9151488657572568,0.9111050424286908
127,0.09805980531322508,0.18143780535594098,1.8502770301897684,0.9106972089873983
128,0.09812834449995457,0.18067524719553002,1.8412136484745614,0.910640368230693
78,0.09859362804976947,0.5296915154306111,5.372472094882501,0.9102546878732644
103,0.09964049745928531,0.008442143567190344,0.084726027894832,0.9093881157619201
543,0.09969982460687969,41.22712372275234,413.5125,0.9093390556440979
104,0.10055974481998024,0.008004906201050722,0.0796034856232076,0.9086285453440522
105,0.10100457284261824,0.007664285230230882,0.07588057663659546,0.9082614411111476
102,0.10111044509680148,0.008850335872867727,0.08753137091221941,0.908174111373621
378,0.10154588272702943,0.1010278574770892,0.9948986090225562,0.9078151129977096
98,0.10309672520801898,0.011564281530440777,0.11216924210839332,0.9065388167220083
138,0.10368033107133529,0.019379671972165353,0.18691753558186014,0.9060594556662133
237,0.1036906961647888,0.1086119813454568,1.0474612030075188,0.9060509465875691
101,0.103766972962354,0.009620964687474814,0.0927170217345093,0.9059883331317133
382,0.10468357070282938,0.15648932501110202,1.4948795112781956,0.9052366003449958
136,0.10646815345270652,0.036477216352987916,0.34261152438593956,0.9037765767406181
99,0.1072531715382,0.011449930342199566,0.10675610033705607,0.903135819074509
91,0.10737090118905553,0.02250354325800605,0.20958698314716084,0.9030398025866812
96,0.10836677780953641,0.013569047898167529,0.12521409395429525,0.9022284139337868
100,0.10876501053451955,0.010909561648297674,0.10030396351439902,0.9019043625104246
124,0.11276017098701298,0.2118718572707745,1.878960056695698,0.8986662410041193
235,0.11340005368467558,0.2269950190405716,2.0017187969924812,0.898149768082559
458,0.11818660703185399,0.06424675942586255,0.5436043984962406,0.8943051130387155
95,0.11838088050413387,0.01610184507172383,0.13601727747887085,0.8941497636737396
376,0.11853711919868835,0.009398724848777946,0.0792892969924812,0.8940248676918228
93,0.12071320108389565,0.019867396272869844,0.16458345975815858,0.8922889451403374
94,0.1217943702366284,0.017878227846046542,0.1467902647003453,0.8914289699894488
523,0.12340969097529601,34.575601052418264,280.1692539635284,0.8901472081230161
308,0.12414691443627683,0.2251892946758327,1.8138936090225566,0.8895634433168974
139,0.12506617688239544,0.020879758348175733,0.16694968111010364,0.8888366040574084
238,0.1252899507401321,0.1392735338813471,1.1116097744360902,0.8886598510386361
226,0.12647447331290992,4.883884058105624,38.615571428571435,0.8877253978592571
92,0.12670449286763694,0.022984557268285626,0.18140285911010798,0.8875441664875637
254,0.12853679127974207,0.050459253253770486,0.3925666165413534,0.8861031449989473
456,0.1312446641272402,0.3264102163339788,2.487036090225564,0.8839820701134569
310,0.13163008901335105,0.049329939583622785,0.3747618796992481,0.8836809923213361
250,0.1324259257299162,0.0659784494943779,0.4982290977443608,0.8830599664657449
252,0.13408587350678722,0.05727946883317457,0.42718496240601495,0.8817674422729818
257,0.13597910930475846,0.04521060008546879,0.33248195488721805,0.8802978785516749
240,0.13736025972183386,0.1235942623606495,0.8997818045112782,0.8792288911558872
224,0.13811168980717967,0.04216788729577523,0.3053172932330827,0.8786483865827098
88,0.13823792133080712,0.04281116240647293,0.3096918847906043,0.8785509437524434
141,0.1398688298989757,0.016761997109766974,0.11984083317114907,0.877293925204208
256,0.1419769457762375,0.050385152140612684,0.35488263157894734,0.8756744203100079
526,0.1421435793579978,67.38985532572873,474.09707585879084,0.8755466633731838
81,0.14272920133692968,0.011696915065140439,0.08195180072176292,0.875097966193614
502,0.14399143263940298,0.325903707368709,2.2633548496240605,0.8741324204612375
86,0.14437593773490737,0.10760744004047122,0.7453280770238335,0.8738387159549383
245,0.144697591724962,0.07993728154844675,0.5524437593984962,0.8735931718813919
497,0.14536544654330022,0.33165232647262327,2.2815072932330827,0.8730837856319033
239,0.14547168095816612,0.14106783754218824,0.9697271428571427,0.8730028132720996
496,0.1456860914317762,0.3321211741444591,2.279704060150376,0.8728394343604969
500,0.14579246281503586,0.3316289850245652,2.2746648120300748,0.872758402986134
244,0.14609524342101557,0.09974426461711607,0.6827345112781954,0.8725278337383799
501,0.14698183660913083,0.3339171711978943,2.271826090225564,0.8718533878063324
495,0.1477104102019809,0.3372604437973568,2.2832543984962403,0.8712999299396562
255,0.14775528135065688,0.05330908344470916,0.3607930827067669,0.871265866730074
457,0.14896394962351991,0.08999383169244181,0.6041316165413534,0.870349326737074
140,0.14948131876740567,0.020774197860404776,0.13897521129532997,0.8699575918922327
247,0.1496728660362048,0.0789400241144561,0.527417067669173,0.8698126480515794
97,0.1509822017373388,0.018472120732732588,0.12234634625919831,0.8688231655455313
246,0.1511185267008603,0.09344183443954311,0.6183347368421053,0.8687202723302782
498,0.15114407855104792,0.34302912302504585,2.26955052631579,0.8687009894180285
499,0.15294244546221297,0.34673936568215186,2.267123195488722,0.8673459841259478
248,0.1531351508698944,0.08290784275172668,0.541403082706767,0.8672010381832751
76,0.15369128665604645,0.008142138349452252,0.05297722809539592,0.8667830047485945
90,0.15503806293772032,0.04059291737447805,0.26182549372268965,0.8657723343390112
83,0.15533629356807566,0.01962807921418098,0.12635861692926925,0.8655488497739963
243,0.15552154855202982,0.10314023054407502,0.6631893233082706,0.8654100836571053
242,0.15824627624949483,0.1279283124168557,0.8084127819548872,0.8633742413039215
123,0.158276935219867,0.28424949729901744,1.7958996799133011,0.8633513882499763
14,0.15921859504099722,0.059985205663263014,0.3767474876148569,0.8626500681389033
251,0.16052788940990206,0.07140659511608645,0.4448236090225564,0.8616768361408994
494,0.1611980259222455,0.3644471263786016,2.260865939849624,0.8611795556625935
241,0.1613814231315394,0.13459611109242817,0.8340248120300752,0.8610435642268224
137,0.16245700087948423,0.040255857372928965,0.24779392180698964,0.8602468729969593
295,0.16358098119662182,0.1015131912154278,0.6205684210526315,0.8594159032847066
253,0.16505085098055772,0.06557503816021291,0.397302030075188,0.8583316334719264
249,0.16674190042951215,0.08068009951438859,0.4838621804511278,0.8570875869220695
462,0.16883870731965933,0.03803577960127452,0.2252787894736842,0.8555500376037046
504,0.16959619602683676,0.3603961628377257,2.125025037593985,0.854995940818753
503,0.17001617148559112,0.36109170284834385,2.123866804511278,0.8546890413747714
460,0.18269680537234487,0.0525245715670486,0.2874958402255639,0.845525239822706
447,0.1861461599457453,0.06394606253666435,0.3435260902255639,0.8430664228139814
476,0.18721781557974684,0.009150176071812774,0.04887449436090225,0.8423054193401538
89,0.18775445420263603,0.04848837693087323,0.25825420300570673,0.8419248578371534
87,0.18944770551958978,0.08308969876329941,0.43858910054050537,0.8407263264786973
3,0.1923451558561878,0.03999414860678244,0.20792906599990058,0.8386833251164841
479,0.1954122748415088,0.00763109249595555,0.039051244360902244,0.8365314804322073
478,0.197947484141996,0.008698747866686396,0.04394472556390977,0.8347611337205056
459,0.2043700666190191,0.04562097294768582,0.22322727443609022,0.8303095765301282
294,0.20568727459462116,0.12735715284453383,0.6191785714285715,0.8294024670171809
5,0.20649238793316307,0.034508092036814646,0.16711556480224413,0.8288489923364504
466,0.20703700765503277,0.024440185594465178,0.11804742481203008,0.828475012495886
449,0.20789807907016428,0.045657907881563896,0.21961678571428572,0.8278844194948936
147,0.2091074492794684,0.029592242187991384,0.14151692008084263,0.8270563551617519
309,0.21180644293029224,0.08453495886571628,0.3991141992481203,0.8252142954297891
470,0.21680358109881953,0.014984567376913494,0.06911586654135338,0.8218253262346271
142,0.2211677829340866,0.027442504003364687,0.12408002485399613,0.8188882919899105
468,0.22540217425583267,0.023151991126824204,0.10271414285714285,0.816058614068711
122,0.22699639164218205,0.363551563465061,1.6015741961138,0.8149983217649275
77,0.22888827002786805,0.0403539130303431,0.1763039802145818,0.8137436286028855
2,0.2311739026682888,0.014132705862676405,0.06113452123942991,0.8122329411245056
74,0.23160073142476104,11.399809003451562,49.22181779531625,0.8119514502424525
446,0.23205187393043744,0.022812726607944762,0.09830873684210527,0.8116541366150796
301,0.2343703710318897,0.02970938296884612,0.12676253759398495,0.8101296203051566
444,0.23667838053245263,49.27514866275224,208.19454887218046,0.8086176775965384
1,0.23750494326273164,0.08688587606151071,0.3658276533865496,0.8080775801698696
79,0.24053145428638364,0.043173960744042894,0.17949403279555587,0.8061061221339612
135,0.24068816892082504,0.10356186489128877,0.43027401536033,0.8060043007178989
85,0.2407166946926787,0.3091063721836895,1.2841085765917626,0.8059857695778783
477,0.24072910774523118,0.00927315356185174,0.03852111466165412,0.8059777059774904
474,0.24278344965703305,0.013747745637551016,0.056625546992481186,0.8046454112950786
296,0.243831812656718,40.31979020906793,165.35902255639098,0.8039672163265271
0,0.24613136496098015,42.61173001665167,173.1259647603507,0.802483612978727
527,0.24890425991472265,103.9185510631759,417.5041082011997,0.8007018889248418
472,0.25053853293655404,0.017878355302291957,0.07135970300751877,0.7996554873457344
471,0.2568256061211248,0.013844223401106028,0.05390515225563909,0.7956553360543375
222,0.25991189076704263,76.60560991028626,294.7368421052632,0.7937062959150211
370,0.263123421481438,35.71158557264239,135.7218045112782,0.7916882728903585
146,0.27149531093021545,0.03736886292180929,0.13764091465806017,0.7864755704591693
293,0.27840219085653883,0.17283777372252976,0.6208204511278196,0.782226444191239
463,0.2805919938973602,0.035631279198763945,0.1269860864661654,0.7808888426333159
473,0.28187801033302307,0.014472416587936486,0.05134283646616541,0.7801054327628312
461,0.28873149636693707,0.03772980864465684,0.13067437781954888,0.7759568248460598
227,0.28957445838175344,0.8791069055923912,3.035857894736842,0.7754496016111149
143,0.3014591793608439,0.03688464449162565,0.12235369501711232,0.7683683175457776
299,0.30221710547887737,0.055791974902259435,0.1846089248120301,0.7679211060833515
145,0.302578106437332,0.04129287958244711,0.1364701500338043,0.7677082817974652
384,0.30502138510548676,0.06355086673778344,0.20834888909774438,0.7662709679804738
268,0.30699063921948494,0.8334477784808382,2.7148963909774437,0.7651164208774937
464,0.307183290692272,0.05124458043066047,0.1668208590225564,0.7650036587221134
475,0.31300678837633455,0.012990084133951012,0.04150096616541353,0.7616106853770352
493,0.31770179444794744,0.6225437786800986,1.959522387218045,0.7588970465195056
289,0.3205813681019677,0.14212341023223213,0.4433302255639098,0.7572422450857914
285,0.32912000706016115,0.15672234463112295,0.476186015037594,0.7523775089443342
144,0.33501366321645365,0.0438445568944418,0.1308739365239371,0.7490560041091235
467,0.33565734986164714,0.018935375362819203,0.05641281315789473,0.7486950153073197
13,0.3371557264270338,0.11101455611978862,0.32926789438296566,0.7478560501491209
292,0.3376515000604321,0.20612133842369565,0.6104558646616541,0.7475788723406823
287,0.34092694898601733,0.15299806886611206,0.4487708270676692,0.7457527800124983
298,0.3463626194335681,0.01795896562127093,0.05185018421052632,0.7427419519569793
314,0.34764031001411083,0.04285875223869198,0.12328476015037591,0.7420377622791123
290,0.3519440265422586,0.18232523803718226,0.5180518045112782,0.7396755933436141
445,0.3698001308168194,0.3253128970343449,0.8796992481203008,0.7300335118260608
291,0.3742350520673679,0.21498016979931467,0.5744522556390977,0.7276775530471463
465,0.3781565142324259,0.027074212308060633,0.07159525563909773,0.7256069899701901
288,0.3849172613305559,0.1615765711888754,0.4197696165413534,0.722064796159196
121,0.39163125693948714,0.4493453573409967,1.1473684732228286,0.7185811579133591
312,0.39612320440192156,0.06329118110406409,0.15977650488721803,0.7162691636719735
284,0.39998328806164807,0.17962681069544525,0.44908578947368416,0.7142942408866563
286,0.41795334998323636,0.18302723991877928,0.43791308270676693,0.7052418191415271
375,0.44675896729952236,0.021550625036904168,0.048237699999999994,0.6912001394859647
18,0.4527436925159274,0.04792414899022389,0.10585271486369284,0.6883526702966817
448,0.4560878359642986,2.1580290282421877,4.7316083834586475,0.6867717560031308
229,0.46004268710639673,0.0555191953593286,0.12068270383458646,0.6849114815826803
469,0.47308760305269226,0.023699948003916393,0.05009632011278196,0.6788462532219341
228,0.5051949556265563,0.1739553744233836,0.3443331578947369,0.6643657662164683
318,0.5104523652037748,0.02156330479448266,0.04224352018796993,0.662053317957558
349,0.5207560907778424,0.6708315313251181,1.2881875857142857,0.6575676441897504
267,0.5224594799608675,1.0735202381401734,2.054743533834587,0.6568319309396027
53,0.5255267921269665,0.3833577920564999,0.729473354735987,0.6555112667708376
373,0.52863903380228,0.027325596401213584,0.051690462969924814,0.6541766747331037
352,0.5391741967778495,0.689661173110501,1.2791064135338346,0.6496990412738389
56,0.5393102643663754,0.39216842002839514,0.7271666162132957,0.6496416110183146
311,0.5452814810757691,0.05217443895456904,0.09568349699248119,0.6471312911249257
320,0.5455156516322869,0.018652139006368324,0.034191757744360896,0.6470332402935267
54,0.5463438717541493,0.3926160623163978,0.7186244462774392,0.6466866899828787
350,0.5474754403388764,0.690638889008,1.2614974812030075,0.6462138098818637
55,0.552349263907165,0.39975621625759966,0.7237381171287084,0.6441849287724486
351,0.5546499456325034,0.703612782592611,1.2685709033834585,0.6432316180303559
52,0.5552155620421512,0.374038032833236,0.6736807438492504,0.6429976810975976
58,0.5603375351200441,0.3852196481672745,0.6874778575822996,0.6408869731657549
348,0.5609426539955367,0.67904745455804,1.2105470135338345,0.6406385253425584
57,0.5659260032322939,0.39227347947523616,0.693153304910467,0.6385997792589546
354,0.568600194060452,0.695151307603605,1.2225660751879701,0.6375110775751065
316,0.57628944926783,0.04507054599066698,0.07820817481203007,0.6344012519175901
353,0.5828199082281976,0.7177886304836905,1.2315787781954888,0.631783814950493
372,0.5922017854544951,0.00792282435054625,0.013378589097744356,0.6280610969887522
50,0.6069768987852969,0.37455987024932336,0.6170908167986384,0.6222864813774818
283,0.6085346476357691,0.07432242017499359,0.12213342406015039,0.6216838421664116
16,0.6190291933209717,0.06971453016283201,0.11261913156119029,0.6176540880950937
4,0.6228017332124652,1.4149081071409977,2.271843560618849,0.6162182228018824
22,0.6265291146217372,0.026466371235407394,0.0422428433375938,0.614806086783487
120,0.6277800455451974,0.43605647145227916,0.6946007197052347,0.6143336151200127
51,0.632172340120465,0.38967022307882543,0.6163987228618243,0.6126803986435608
346,0.6583986047259341,0.6979518679849143,1.0600749499999997,0.602991341858527
20,0.6621506121662938,0.05020720735220992,0.07582445206529656,0.60163019685484
347,0.6655942752640617,0.7403610832428961,1.1123309060150377,0.6003863094699103
530,0.6805412885801199,274.2950829677398,403.0542857142857,0.5950463739244958
24,0.6807202222235949,0.023876967893196807,0.03507603728181001,0.5949830238116602
531,0.6950991182424671,503.09026865451096,723.7676691729324,0.5899360038820809
532,0.7021356618160253,780.6916555031025,1111.8815037593984,0.5874972379892976
492,0.7160861698567241,0.899528116554716,1.2561730060150376,0.5827213210881421
119,0.8120482735888004,0.27857647207121844,0.34305407834938906,0.5518616775145171
529,0.8148881100368971,83.46516587663828,102.42530827067668,0.5509981549108665
324,0.8357037215689697,0.013799431215821783,0.01651234864661654,0.5447502166337079
266,0.8420485685873083,0.9793801056839634,1.1630921804511278,0.5428738509142098
49,0.8891337968304779,0.3938237718854718,0.4429297067430653,0.5293431315864259
28,0.9102797100228156,0.016781503424226542,0.018435545953019127,0.5234835478559611
118,0.9453315772951821,0.14148494764796776,0.14966700684302725,0.5140511837012458
300,0.9554640377471016,1.271132715299016,1.3303825838345864,0.5113875687287526
60,1.0047739677243654,0.38209253097988877,0.3802771003763767,0.4988093501309316
59,1.0157411068929485,0.42189862251055305,0.41536039020917365,0.49609545421306317
345,1.042100303104458,0.7053719129830816,0.6768752593984962,0.48969191105832166
117,1.0660140614275797,0.0768172063127708,0.07206021861465794,0.4840238111975954
355,1.088643141851851,0.7999737576103357,0.7348356195488722,0.4787797302287701
315,1.0960426123661229,0.03365173503974093,0.030702944082706775,0.47708953725475434
265,1.0994312851008334,0.9195302312622579,0.8363689879699248,0.4763194714191234
356,1.1055256806267049,0.750571970233819,0.6789276661654136,0.47494077569376986
116,1.1347010922477305,0.04060153694235439,0.03578170252918922,0.4684496595947545
115,1.16273543970709,0.01810454184230885,0.01557064593031554,0.462377404855138
15,1.1662635339424285,0.06853370537491947,0.058763481306192134,0.4616243519458036
264,1.2407894088441118,0.6008204249265504,0.4842243338345865,0.4462712988793711
491,1.258458015066522,0.6869062129270664,0.5458316484962406,0.4427799823281396
263,1.2939982395284146,0.30486816566857466,0.235601685037594,0.4359201252942433
490,1.3237568007362792,0.13251427019469747,0.10010469454887216,0.4303376324420659
114,1.3253709860094682,0.00481554052961381,0.0036333529105785096,0.4300389082071089
487,1.4005424753217472,0.009076353659568688,0.0064805986390977345,0.416572508206075
486,1.450712618851098,0.005981570252950784,0.004123194473684202,0.40804457948594697
488,1.4831225336776357,0.01788194028200332,0.012056954078947364,0.4027187488484296
489,1.5031039473582481,0.04048893122259211,0.026936880375939845,0.399503984265372
322,1.5425502110713223,0.013729972613951804,0.008900827030075184,0.39330590036947294
326,1.5942550012278995,0.0111033610996312,0.006964607977443609,0.3854671185086605
262,1.6268428469901228,0.09367375791250454,0.057580090225563915,0.38068512592819
19,1.6320388574317874,0.03911784166109982,0.023968695036254543,0.3799336005911973
485,1.6569499975361268,0.0032128688362676855,0.0019390258251879653,0.37637140364979826
383,1.7365893944266524,0.16667423209545124,0.09597791661654133,0.3654183568921971
30,1.7946204740716902,0.014385006802138733,0.008015626150470459,0.357830342000975
328,2.0549941735072674,0.0077389221808877124,0.0037659095488721804,0.3273328665147522
32,2.10813342476686,0.009668442087523182,0.004586257195078828,0.3217365097751586
26,2.256318580672413,0.018021643310039772,0.00798718916043721,0.3070952596393394
330,2.31318321974252,0.0065057011022194005,0.0028124452255639085,0.3018245396273961
344,2.45393618327676,0.6707396593955578,0.273332152631579,0.28952474711078674
34,2.7474824984651924,0.008343673285774515,0.003036843106529517,0.26684580926250007
484,2.770643881212125,0.0004798376998953619,0.00017318634962405866,0.26520669453370294
225,2.902625987040809,19.553414908716157,6.736456917293233,0.2562377238609679
313,2.916847922992669,0.044454531535295105,0.015240606541353384,0.2553073337695352
48,4.235607215656318,0.4808881367621634,0.11353463913854643,0.19099981316582465
297,4.600724580614087,0.20755148483973324,0.045112781954887216,0.17854832631144232
388,53.95067814066445,0.05772050205795337,0.0010698753759398527,0.018198137563292104
40,74.51792194710534,0.0006365882941040064,8.542754245829246e-06,0.01324188979538427
325,107.24915065027629,0.011657656089925953,0.00010869695488722195,0.009237947771347689
331,-47.765334328618884,0.006472445219577957,-0.00013550507518796855,-0.021383360439017157
35,-20.768554083695065,0.00823458161759457,-0.00039649277385464976,-0.05058538908643761
343,-12.731542762992378,0.36265478400038137,-0.028484747744360894,-0.08524028085671222
29,-11.625680435161891,0.014923679546910016,-0.0012836822438171721,-0.09411162006066524
337,-7.746689147917242,0.0019216622321913662,-0.0002480623909774436,-0.14822084997182777
41,-5.519785833649937,0.004717220643770102,-0.0008546021142727666,-0.22124942127898425
17,-5.1462093875205595,0.04656957448461651,-0.009049296477820485,-0.24118415317129022
323,-4.943304102895008,0.011385121523044713,-0.0023031400225563916,-0.2535944410845316
27,-4.1702924177433776,0.01519773631093792,-0.0036442855293014912,-0.3154283164553643
386,-4.023334750722256,0.09564665550345287,-0.023772979736842104,-0.3307605946583011
390,-3.9299568094347443,0.047264322914386515,-0.01202667744360902,-0.34130195939404406
338,-3.651935457706514,0.008457567849519367,-0.0023159138345864643,-0.37708308363765186
47,-3.389470000900161,0.37847827196536665,-0.11166296555651828,-0.41850284775422164
517,-3.295946421613089,0.14695040933258469,-0.044585193609022564,-0.43555023348385397
317,-3.2147265698986938,0.027518137606947313,-0.008560024315789476,-0.45152300676364854
410,-2.9614766681216578,0.0008961727996747916,-0.00030261011654135266,-0.5098199821859806
42,-2.7543603075253054,0.017858167352200176,-0.006483598860834988,-0.5700083362069429
374,-2.473862103680908,0.5458936641507075,-0.2206645484962406,-0.678489525921416
21,-2.4357616951917405,0.03149148115844089,-0.012928802197935014,-0.6964944136265272
31,-2.425609674921508,0.012521674764584692,-0.005162279361781441,-0.7014542743300746
339,-2.2881363947844764,0.018155501437209384,-0.007934623774436088,-0.7763153063983681
411,-2.196456688840557,0.008255377366089911,-0.0037584976785714243,-0.83580125325645
33,-2.1597370055359613,0.009030525655762555,-0.004181308016955303,-0.8622644575679981
412,-1.9783201050177255,0.0296623029802054,-0.014993682218045108,-1.022160328578632
43,-1.8669795690016435,0.04126089763425022,-0.02210034770563357,-1.1534297182476099
329,-1.812796413373086,0.007169132892688281,-0.003954736913533833,-1.2303203896410215
340,-1.810169777507699,0.03927439045658605,-0.021696523135338344,-1.2343091877313295
341,-1.8061179616524283,0.09782625424274065,-0.054163823360263146,-1.24051323450248
321,-1.7962738040683806,0.0224324164185218,-0.012488305718045111,-1.2558494262786577
342,-1.7813229799050314,0.16798903724764935,-0.09430577112781953,-1.2798804408921243
327,-1.7335363929319731,0.009340547077157967,-0.0053881459398496204,-1.36325887799917
25,-1.686968770311822,0.027644886799444945,-0.016387313912358332,-1.4556702476388994
413,-1.6454153668480684,0.06892758416497326,-0.04189068945977443,-1.549389821447188
188,-1.4688053656626054,0.06753068450547789,-0.04597660526315789,-2.1330813878092214
44,-1.4538432657731561,0.09325813700770567,-0.06414593595005638,-2.2034038519805397
414,-1.4399144642740755,0.16432741099570752,-0.11412303652255638,-2.2731691753990155
319,-1.437351134211138,0.01919419602985481,-0.01335386710526316,-2.286492298239324
385,-1.3862389078422537,0.09453874527014978,-0.06819801748120301,-2.5890711155604667
189,-1.2808134336247252,0.2494436466360107,-0.1947540836842105,-3.561083197096563
23,-1.275404129824227,0.027043170633933227,-0.021203609116163244,-3.631027612542473
516,-1.2750071573827406,0.14607473456839343,-0.11456777612781956,-3.6362689957492713
415,-1.2740216857214295,0.3891864025929525,-0.30547863270676684,-3.6493462091047797
190,-1.271630570647151,0.5577694179844479,-0.4386253609022557,-3.68147074763173
505,-1.2096803185467062,0.11406084646106159,-0.09429007375939849,-4.769164826393806
45,-1.1968253268818951,0.19255051023099334,-0.1608843879771894,-5.080646966739444
191,-1.12444975610707,0.9329167058183327,-0.8296650879699248,-8.03537131193453
46,-1.119724674424866,0.26293602210264655,-0.23482203090478532,-8.352497133976819
425,-1.0944774443904874,0.7401319903760063,-0.6762423421052632,-10.58453693843444
423,-1.0937209996169948,0.7464071199464416,-0.6824474616541354,-10.66996728680502
416,-1.0826148642854012,0.6224169784747698,-0.574920037593985,-12.104359289938445
426,-1.0774032737886585,0.7307209985551012,-0.6782242233082708,-12.919350190928546
424,-1.0694248260590866,0.7381909310973145,-0.690269117669173,-14.404069217961197
